"Product code";Language;Price;"Company id";"Price tiers";"Crossed out Price"
2005113441;fr;900.00;536590;[0:900///5:850];1000
200700731;fr;900.00;536590;[0:900///5:850];1000
2009885678;fr;900.00;536590;[0:900///5:850];1000
2013646682;fr;900.00;536590;[0:900///5:850];1000
2019665492;fr;900.00;536590;[0:900///5:850];1000
2023832756;fr;900.00;536590;[0:900///5:850];1000
2026452695;fr;900.00;536590;[0:900///5:850];1000
202734994;fr;900.00;536590;[0:900///5:850];1000
2039585338;fr;900.00;536590;[0:900///5:850];1000
2055764403;fr;900.00;536590;[0:900///5:850];1000
2064124519;fr;900.00;536590;[0:900///5:850];1000
2105230512;fr;900.00;536590;[0:900///5:850];1000
2118182848;fr;900.00;536590;[0:900///5:850];1000
2119790191;fr;900.00;536590;[0:900///5:850];1000
2125972905;fr;900.00;536590;[0:900///5:850];1000
2127168194;fr;900.00;536590;[0:900///5:850];1000
2131794983;fr;900.00;536590;[0:900///5:850];1000
218811535;fr;900.00;536590;[0:900///5:850];1000
219884706;fr;900.00;536590;[0:900///5:850];1000
2205088254;fr;900.00;536590;[0:900///5:850];1000
2207192083;fr;900.00;536590;[0:900///5:850];1000
2212723962;fr;900.00;536590;[0:900///5:850];1000
2235077986;fr;900.00;536590;[0:900///5:850];1000
2238200320;fr;900.00;536590;[0:900///5:850];1000
2241107484;fr;900.00;536590;[0:900///5:850];1000
2267087847;fr;900.00;536590;[0:900///5:850];1000
2286691223;fr;900.00;536590;[0:900///5:850];1000
2329659288;fr;900.00;536590;[0:900///5:850];1000
2336464659;fr;900.00;536590;[0:900///5:850];1000
2337867730;fr;900.00;536590;[0:900///5:850];1000
2337983749;fr;900.00;536590;[0:900///5:850];1000
2371661791;fr;900.00;536590;[0:900///5:850];1000
2373544741;fr;900.00;536590;[0:900///5:850];1000
2375488113;fr;900.00;536590;[0:900///5:850];1000
2384131966;fr;900.00;536590;[0:900///5:850];1000
240495004;fr;900.00;536590;[0:900///5:850];1000
2406426971;fr;900.00;536590;[0:900///5:850];1000
240921437;fr;900.00;536590;[0:900///5:850];1000
2411560044;fr;900.00;536590;[0:900///5:850];1000
2418776921;fr;900.00;536590;[0:900///5:850];1000
2439817198;fr;900.00;536590;[0:900///5:850];1000
244848335;fr;900.00;536590;[0:900///5:850];1000
2453470981;fr;900.00;536590;[0:900///5:850];1000
2457524423;fr;900.00;536590;[0:900///5:850];1000
2472095309;fr;900.00;536590;[0:900///5:850];1000
2472530072;fr;900.00;536590;[0:900///5:850];1000
2483925952;fr;900.00;536590;[0:900///5:850];1000
2486810498;fr;900.00;536590;[0:900///5:850];1000
2495424961;fr;900.00;536590;[0:900///5:850];1000
2502323991;fr;900.00;536590;[0:900///5:850];1000
2507217995;fr;900.00;536590;[0:900///5:850];1000
2513721349;fr;900.00;536590;[0:900///5:850];1000
2515726402;fr;900.00;536590;[0:900///5:850];1000
2521548413;fr;900.00;536590;[0:900///5:850];1000
2530989958;fr;900.00;536590;[0:900///5:850];1000
253776287;fr;900.00;536590;[0:900///5:850];1000
2539166504;fr;900.00;536590;[0:900///5:850];1000
2545543268;fr;900.00;536590;[0:900///5:850];1000
2547974630;fr;900.00;536590;[0:900///5:850];1000
2550673379;fr;900.00;536590;[0:900///5:850];1000
2552167594;fr;900.00;536590;[0:900///5:850];1000
2560661624;fr;900.00;536590;[0:900///5:850];1000
2578350450;fr;900.00;536590;[0:900///5:850];1000
2596708795;fr;900.00;536590;[0:900///5:850];1000
2600144102;fr;900.00;536590;[0:900///5:850];1000
2608240216;fr;900.00;536590;[0:900///5:850];1000
2623152543;fr;900.00;536590;[0:900///5:850];1000
2624147853;fr;900.00;536590;[0:900///5:850];1000
2647908532;fr;900.00;536590;[0:900///5:850];1000
2674064870;fr;900.00;536590;[0:900///5:850];1000
2675109517;fr;900.00;536590;[0:900///5:850];1000
268963916;fr;900.00;536590;[0:900///5:850];1000
2689646099;fr;900.00;536590;[0:900///5:850];1000
2691985067;fr;900.00;536590;[0:900///5:850];1000
2711405087;fr;900.00;536590;[0:900///5:850];1000
2724580885;fr;900.00;536590;[0:900///5:850];1000
2738707262;fr;900.00;536590;[0:900///5:850];1000
2746706792;fr;900.00;536590;[0:900///5:850];1000
2766653708;fr;900.00;536590;[0:900///5:850];1000
2769564714;fr;900.00;536590;[0:900///5:850];1000
2782173057;fr;900.00;536590;[0:900///5:850];1000
2804241750;fr;900.00;536590;[0:900///5:850];1000
2808657870;fr;900.00;536590;[0:900///5:850];1000
281848874;fr;900.00;536590;[0:900///5:850];1000
2821677170;fr;900.00;536590;[0:900///5:850];1000
2821802250;fr;900.00;536590;[0:900///5:850];1000
2837740195;fr;900.00;536590;[0:900///5:850];1000
2845386230;fr;900.00;536590;[0:900///5:850];1000
2859806466;fr;900.00;536590;[0:900///5:850];1000
2861852828;fr;900.00;536590;[0:900///5:850];1000
2864749432;fr;900.00;536590;[0:900///5:850];1000
2884457763;fr;900.00;536590;[0:900///5:850];1000
2893945821;fr;900.00;536590;[0:900///5:850];1000
2929239921;fr;900.00;536590;[0:900///5:850];1000
2930641568;fr;900.00;536590;[0:900///5:850];1000
2940794693;fr;900.00;536590;[0:900///5:850];1000
2961224977;fr;900.00;536590;[0:900///5:850];1000
2963888708;fr;900.00;536590;[0:900///5:850];1000
2967360864;fr;900.00;536590;[0:900///5:850];1000
2978286512;fr;900.00;536590;[0:900///5:850];1000
2985991943;fr;900.00;536590;[0:900///5:850];1000
3007038111;fr;900.00;536590;[0:900///5:850];1000
3013873078;fr;900.00;536590;[0:900///5:850];1000
3037985577;fr;900.00;536590;[0:900///5:850];1000
3061067809;fr;900.00;536590;[0:900///5:850];1000
3069826881;fr;900.00;536590;[0:900///5:850];1000
3083332629;fr;900.00;536590;[0:900///5:850];1000
3103699697;fr;900.00;536590;[0:900///5:850];1000
3105527605;fr;900.00;536590;[0:900///5:850];1000
3105724648;fr;900.00;536590;[0:900///5:850];1000
3125265738;fr;900.00;536590;[0:900///5:850];1000
3132140252;fr;900.00;536590;[0:900///5:850];1000
3143575182;fr;900.00;536590;[0:900///5:850];1000
3167375981;fr;900.00;536590;[0:900///5:850];1000
3174485991;fr;900.00;536590;[0:900///5:850];1000
3186154227;fr;900.00;536590;[0:900///5:850];1000
3199651038;fr;900.00;536590;[0:900///5:850];1000
3200403950;fr;900.00;536590;[0:900///5:850];1000
3208385633;fr;900.00;536590;[0:900///5:850];1000
3208569912;fr;900.00;536590;[0:900///5:850];1000
3212202866;fr;900.00;536590;[0:900///5:850];1000
3223915370;fr;900.00;536590;[0:900///5:850];1000
3239555743;fr;900.00;536590;[0:900///5:850];1000
3250455342;fr;900.00;536590;[0:900///5:850];1000
3254165012;fr;900.00;536590;[0:900///5:850];1000
3255640598;fr;900.00;536590;[0:900///5:850];1000
3257574231;fr;900.00;536590;[0:900///5:850];1000
3259630864;fr;900.00;536590;[0:900///5:850];1000
3266955072;fr;900.00;536590;[0:900///5:850];1000
3271940274;fr;900.00;536590;[0:900///5:850];1000
3277713202;fr;900.00;536590;[0:900///5:850];1000
3310989801;fr;900.00;536590;[0:900///5:850];1000
3315474605;fr;900.00;536590;[0:900///5:850];1000
3330306378;fr;900.00;536590;[0:900///5:850];1000
3352053731;fr;900.00;536590;[0:900///5:850];1000
3363046642;fr;900.00;536590;[0:900///5:850];1000
3363974469;fr;900.00;536590;[0:900///5:850];1000
3375308086;fr;900.00;536590;[0:900///5:850];1000
3381665790;fr;900.00;536590;[0:900///5:850];1000
3393238884;fr;900.00;536590;[0:900///5:850];1000
3406521401;fr;900.00;536590;[0:900///5:850];1000
3414256959;fr;900.00;536590;[0:900///5:850];1000
3424274658;fr;900.00;536590;[0:900///5:850];1000
3454440122;fr;900.00;536590;[0:900///5:850];1000
3459209291;fr;900.00;536590;[0:900///5:850];1000
3467091377;fr;900.00;536590;[0:900///5:850];1000
3473203955;fr;900.00;536590;[0:900///5:850];1000
3481650825;fr;900.00;536590;[0:900///5:850];1000
350203849;fr;900.00;536590;[0:900///5:850];1000
3525370512;fr;900.00;536590;[0:900///5:850];1000
3526417156;fr;900.00;536590;[0:900///5:850];1000
3527311513;fr;900.00;536590;[0:900///5:850];1000
3543225219;fr;900.00;536590;[0:900///5:850];1000
3555249584;fr;900.00;536590;[0:900///5:850];1000
3568654512;fr;900.00;536590;[0:900///5:850];1000
3594639029;fr;900.00;536590;[0:900///5:850];1000
3611716014;fr;900.00;536590;[0:900///5:850];1000
3620883866;fr;900.00;536590;[0:900///5:850];1000
3624738933;fr;900.00;536590;[0:900///5:850];1000
3637519313;fr;900.00;536590;[0:900///5:850];1000
3635831182;fr;900.00;536590;[0:900///5:850];1000
3639048822;fr;900.00;536590;[0:900///5:850];1000
3647772194;fr;900.00;536590;[0:900///5:850];1000
3651035158;fr;900.00;536590;[0:900///5:850];1000
3660017043;fr;900.00;536590;[0:900///5:850];1000
3677451;fr;900.00;536590;[0:900///5:850];1000
3678398111;fr;900.00;536590;[0:900///5:850];1000
3685661817;fr;900.00;536590;[0:900///5:850];1000
3688367618;fr;900.00;536590;[0:900///5:850];1000
3688597125;fr;900.00;536590;[0:900///5:850];1000
3694599495;fr;900.00;536590;[0:900///5:850];1000
3698825856;fr;900.00;536590;[0:900///5:850];1000
3699210332;fr;900.00;536590;[0:900///5:850];1000
3705924893;fr;900.00;536590;[0:900///5:850];1000
371370302;fr;900.00;536590;[0:900///5:850];1000
3725838526;fr;900.00;536590;[0:900///5:850];1000
3729939238;fr;900.00;536590;[0:900///5:850];1000
3737013241;fr;900.00;536590;[0:900///5:850];1000
3755535483;fr;900.00;536590;[0:900///5:850];1000
3773277431;fr;900.00;536590;[0:900///5:850];1000
3777092525;fr;900.00;536590;[0:900///5:850];1000
3795028566;fr;900.00;536590;[0:900///5:850];1000
3802950720;fr;900.00;536590;[0:900///5:850];1000
380368935;fr;900.00;536590;[0:900///5:850];1000
3832475567;fr;900.00;536590;[0:900///5:850];1000
3841044883;fr;900.00;536590;[0:900///5:850];1000
3842665970;fr;900.00;536590;[0:900///5:850];1000
3859838024;fr;900.00;536590;[0:900///5:850];1000
3867280606;fr;900.00;536590;[0:900///5:850];1000
3870860529;fr;900.00;536590;[0:900///5:850];1000
3897196662;fr;900.00;536590;[0:900///5:850];1000
3897336537;fr;900.00;536590;[0:900///5:850];1000
3920953452;fr;900.00;536590;[0:900///5:850];1000
3921814812;fr;900.00;536590;[0:900///5:850];1000
3926511753;fr;900.00;536590;[0:900///5:850];1000
392732734;fr;900.00;536590;[0:900///5:850];1000
392999420;fr;900.00;536590;[0:900///5:850];1000
3934489427;fr;900.00;536590;[0:900///5:850];1000
3939304697;fr;900.00;536590;[0:900///5:850];1000
3946538681;fr;900.00;536590;[0:900///5:850];1000
3972794878;fr;900.00;536590;[0:900///5:850];1000
397678185;fr;900.00;536590;[0:900///5:850];1000
3980581454;fr;900.00;536590;[0:900///5:850];1000
3986432310;fr;900.00;536590;[0:900///5:850];1000
4008742026;fr;900.00;536590;[0:900///5:850];1000
4010025395;fr;900.00;536590;[0:900///5:850];1000
4026045463;fr;900.00;536590;[0:900///5:850];1000
4029055184;fr;900.00;536590;[0:900///5:850];1000
4035417092;fr;900.00;536590;[0:900///5:850];1000
4041263425;fr;900.00;536590;[0:900///5:850];1000
4046251662;fr;900.00;536590;[0:900///5:850];1000
4057910026;fr;900.00;536590;[0:900///5:850];1000
4074645130;fr;900.00;536590;[0:900///5:850];1000
4082399011;fr;900.00;536590;[0:900///5:850];1000
4104882593;fr;900.00;536590;[0:900///5:850];1000
4113157308;fr;900.00;536590;[0:900///5:850];1000
4132109089;fr;900.00;536590;[0:900///5:850];1000
41384504;fr;900.00;536590;[0:900///5:850];1000
4143833387;fr;900.00;536590;[0:900///5:850];1000
4152231602;fr;900.00;536590;[0:900///5:850];1000
4152855150;fr;900.00;536590;[0:900///5:850];1000
4161833679;fr;900.00;536590;[0:900///5:850];1000
4226656016;fr;900.00;536590;[0:900///5:850];1000
4232701729;fr;900.00;536590;[0:900///5:850];1000
4234413879;fr;900.00;536590;[0:900///5:850];1000
4256361936;fr;900.00;536590;[0:900///5:850];1000
4257621389;fr;900.00;536590;[0:900///5:850];1000
4265986722;fr;900.00;536590;[0:900///5:850];1000
427060443;fr;900.00;536590;[0:900///5:850];1000
4285377470;fr;900.00;536590;[0:900///5:850];1000
4291692765;fr;900.00;536590;[0:900///5:850];1000
4292210500;fr;900.00;536590;[0:900///5:850];1000
4292317925;fr;900.00;536590;[0:900///5:850];1000
4299379454;fr;900.00;536590;[0:900///5:850];1000
4312196370;fr;900.00;536590;[0:900///5:850];1000
4321733057;fr;900.00;536590;[0:900///5:850];1000
4323333285;fr;900.00;536590;[0:900///5:850];1000
4328355198;fr;900.00;536590;[0:900///5:850];1000
4334442560;fr;900.00;536590;[0:900///5:850];1000
433935154;fr;900.00;536590;[0:900///5:850];1000
4349270922;fr;900.00;536590;[0:900///5:850];1000
4349494839;fr;900.00;536590;[0:900///5:850];1000
435026453;fr;900.00;536590;[0:900///5:850];1000
4364192422;fr;900.00;536590;[0:900///5:850];1000
4388682624;fr;900.00;536590;[0:900///5:850];1000
4396369832;fr;900.00;536590;[0:900///5:850];1000
4401452445;fr;900.00;536590;[0:900///5:850];1000
440815274;fr;900.00;536590;[0:900///5:850];1000
441662463;fr;900.00;536590;[0:900///5:850];1000
4420141808;fr;900.00;536590;[0:900///5:850];1000
4423330342;fr;900.00;536590;[0:900///5:850];1000
4426296935;fr;900.00;536590;[0:900///5:850];1000
4439496695;fr;900.00;536590;[0:900///5:850];1000
4442423571;fr;900.00;536590;[0:900///5:850];1000
4450688872;fr;900.00;536590;[0:900///5:850];1000
4458447181;fr;900.00;536590;[0:900///5:850];1000
4469450049;fr;900.00;536590;[0:900///5:850];1000
4474711629;fr;900.00;536590;[0:900///5:850];1000
4488065481;fr;900.00;536590;[0:900///5:850];1000
4496952254;fr;900.00;536590;[0:900///5:850];1000
4501345195;fr;900.00;536590;[0:900///5:850];1000
4512837388;fr;900.00;536590;[0:900///5:850];1000
451499468;fr;900.00;536590;[0:900///5:850];1000
4517146928;fr;900.00;536590;[0:900///5:850];1000
4520309115;fr;900.00;536590;[0:900///5:850];1000
4557234380;fr;900.00;536590;[0:900///5:850];1000
4559997489;fr;900.00;536590;[0:900///5:850];1000
4583478208;fr;900.00;536590;[0:900///5:850];1000
4583618344;fr;900.00;536590;[0:900///5:850];1000
458614165;fr;900.00;536590;[0:900///5:850];1000
4596817669;fr;900.00;536590;[0:900///5:850];1000
4597621385;fr;900.00;536590;[0:900///5:850];1000
4619697052;fr;900.00;536590;[0:900///5:850];1000
4623746372;fr;900.00;536590;[0:900///5:850];1000
4629373926;fr;900.00;536590;[0:900///5:850];1000
4633876643;fr;900.00;536590;[0:900///5:850];1000
4652283911;fr;900.00;536590;[0:900///5:850];1000
4655068353;fr;900.00;536590;[0:900///5:850];1000
4655210192;fr;900.00;536590;[0:900///5:850];1000
4663510590;fr;900.00;536590;[0:900///5:850];1000
4673824849;fr;900.00;536590;[0:900///5:850];1000
4679836261;fr;900.00;536590;[0:900///5:850];1000
4682807536;fr;900.00;536590;[0:900///5:850];1000
4707194931;fr;900.00;536590;[0:900///5:850];1000
4715595761;fr;900.00;536590;[0:900///5:850];1000
4735629483;fr;900.00;536590;[0:900///5:850];1000
4790044599;fr;900.00;536590;[0:900///5:850];1000
4793101607;fr;900.00;536590;[0:900///5:850];1000
4796230599;fr;900.00;536590;[0:900///5:850];1000
4796318887;fr;900.00;536590;[0:900///5:850];1000
4809568784;fr;900.00;536590;[0:900///5:850];1000
4813763030;fr;900.00;536590;[0:900///5:850];1000
4814196768;fr;900.00;536590;[0:900///5:850];1000
4824720907;fr;900.00;536590;[0:900///5:850];1000
4826000839;fr;900.00;536590;[0:900///5:850];1000
4841838406;fr;900.00;536590;[0:900///5:850];1000
4853353526;fr;900.00;536590;[0:900///5:850];1000
4873070880;fr;900.00;536590;[0:900///5:850];1000
4889237224;fr;900.00;536590;[0:900///5:850];1000
4907934297;fr;900.00;536590;[0:900///5:850];1000
4917695724;fr;900.00;536590;[0:900///5:850];1000
4919757549;fr;900.00;536590;[0:900///5:850];1000
4933996571;fr;900.00;536590;[0:900///5:850];1000
4937387480;fr;900.00;536590;[0:900///5:850];1000
495344710;fr;900.00;536590;[0:900///5:850];1000
4958146334;fr;900.00;536590;[0:900///5:850];1000
495955469;fr;900.00;536590;[0:900///5:850];1000
4965269667;fr;900.00;536590;[0:900///5:850];1000
4982395810;fr;900.00;536590;[0:900///5:850];1000
4988032973;fr;900.00;536590;[0:900///5:850];1000
4988472892;fr;900.00;536590;[0:900///5:850];1000
499048296;fr;900.00;536590;[0:900///5:850];1000
5001109523;fr;900.00;536590;[0:900///5:850];1000
5006534990;fr;900.00;536590;[0:900///5:850];1000
5034024659;fr;900.00;536590;[0:900///5:850];1000
503986844;fr;900.00;536590;[0:900///5:850];1000
5081021946;fr;900.00;536590;[0:900///5:850];1000
5084904105;fr;900.00;536590;[0:900///5:850];1000
508951488;fr;900.00;536590;[0:900///5:850];1000
5090852731;fr;900.00;536590;[0:900///5:850];1000
5091044175;fr;900.00;536590;[0:900///5:850];1000
5104625389;fr;900.00;536590;[0:900///5:850];1000
5114591185;fr;900.00;536590;[0:900///5:850];1000
5117545974;fr;900.00;536590;[0:900///5:850];1000
5120297188;fr;900.00;536590;[0:900///5:850];1000
5123092048;fr;900.00;536590;[0:900///5:850];1000
512481903;fr;900.00;536590;[0:900///5:850];1000
5126693603;fr;900.00;536590;[0:900///5:850];1000
5127300583;fr;900.00;536590;[0:900///5:850];1000
5128493024;fr;900.00;536590;[0:900///5:850];1000
5130989163;fr;900.00;536590;[0:900///5:850];1000
5134470006;fr;900.00;536590;[0:900///5:850];1000
5136582278;fr;900.00;536590;[0:900///5:850];1000
515666181;fr;900.00;536590;[0:900///5:850];1000
5163183397;fr;900.00;536590;[0:900///5:850];1000
5168885799;fr;900.00;536590;[0:900///5:850];1000
5175558358;fr;900.00;536590;[0:900///5:850];1000
517851504;fr;900.00;536590;[0:900///5:850];1000
5182349645;fr;900.00;536590;[0:900///5:850];1000
5212629004;fr;900.00;536590;[0:900///5:850];1000
5221862816;fr;900.00;536590;[0:900///5:850];1000
5226532903;fr;900.00;536590;[0:900///5:850];1000
5249421725;fr;900.00;536590;[0:900///5:850];1000
5253772464;fr;900.00;536590;[0:900///5:850];1000
5254292237;fr;900.00;536590;[0:900///5:850];1000
5256930060;fr;900.00;536590;[0:900///5:850];1000
5278660171;fr;900.00;536590;[0:900///5:850];1000
5285315050;fr;900.00;536590;[0:900///5:850];1000
5287569734;fr;900.00;536590;[0:900///5:850];1000
5294495287;fr;900.00;536590;[0:900///5:850];1000
5307799179;fr;900.00;536590;[0:900///5:850];1000
5310787380;fr;900.00;536590;[0:900///5:850];1000
534133932;fr;900.00;536590;[0:900///5:850];1000
5349473700;fr;900.00;536590;[0:900///5:850];1000
5367424163;fr;900.00;536590;[0:900///5:850];1000
5375672081;fr;900.00;536590;[0:900///5:850];1000
5380062741;fr;900.00;536590;[0:900///5:850];1000
5380887570;fr;900.00;536590;[0:900///5:850];1000
5386767372;fr;900.00;536590;[0:900///5:850];1000
5398656597;fr;900.00;536590;[0:900///5:850];1000
5408946355;fr;900.00;536590;[0:900///5:850];1000
5411664683;fr;900.00;536590;[0:900///5:850];1000
5418127632;fr;900.00;536590;[0:900///5:850];1000
542291495;fr;900.00;536590;[0:900///5:850];1000
5424316220;fr;900.00;536590;[0:900///5:850];1000
5433290484;fr;900.00;536590;[0:900///5:850];1000
5436868711;fr;900.00;536590;[0:900///5:850];1000
5457354288;fr;900.00;536590;[0:900///5:850];1000
5465019220;fr;900.00;536590;[0:900///5:850];1000
5475439060;fr;900.00;536590;[0:900///5:850];1000
5475887004;fr;900.00;536590;[0:900///5:850];1000
5494563340;fr;900.00;536590;[0:900///5:850];1000
5502009408;fr;900.00;536590;[0:900///5:850];1000
5506911017;fr;900.00;536590;[0:900///5:850];1000
5507378258;fr;900.00;536590;[0:900///5:850];1000
5547629383;fr;900.00;536590;[0:900///5:850];1000
5550485273;fr;900.00;536590;[0:900///5:850];1000
5561269240;fr;900.00;536590;[0:900///5:850];1000
5564908910;fr;900.00;536590;[0:900///5:850];1000
5566746527;fr;900.00;536590;[0:900///5:850];1000
5569378669;fr;900.00;536590;[0:900///5:850];1000
5573283235;fr;900.00;536590;[0:900///5:850];1000
5580745702;fr;900.00;536590;[0:900///5:850];1000
5590595363;fr;900.00;536590;[0:900///5:850];1000
5595900563;fr;900.00;536590;[0:900///5:850];1000
5596410934;fr;900.00;536590;[0:900///5:850];1000
5619032760;fr;900.00;536590;[0:900///5:850];1000
5620788660;fr;900.00;536590;[0:900///5:850];1000
5622244501;fr;900.00;536590;[0:900///5:850];1000
5623413412;fr;900.00;536590;[0:900///5:850];1000
5628340464;fr;900.00;536590;[0:900///5:850];1000
5634181895;fr;900.00;536590;[0:900///5:850];1000
5637934886;fr;900.00;536590;[0:900///5:850];1000
5638082212;fr;900.00;536590;[0:900///5:850];1000
5645618777;fr;900.00;536590;[0:900///5:850];1000
5647111823;fr;900.00;536590;[0:900///5:850];1000
566114631;fr;900.00;536590;[0:900///5:850];1000
5664221984;fr;900.00;536590;[0:900///5:850];1000
5671222141;fr;900.00;536590;[0:900///5:850];1000
5683942233;fr;900.00;536590;[0:900///5:850];1000
5691121936;fr;900.00;536590;[0:900///5:850];1000
5697161395;fr;900.00;536590;[0:900///5:850];1000
5702832531;fr;900.00;536590;[0:900///5:850];1000
5713106713;fr;900.00;536590;[0:900///5:850];1000
5720227199;fr;900.00;536590;[0:900///5:850];1000
5720752986;fr;900.00;536590;[0:900///5:850];1000
5729280602;fr;900.00;536590;[0:900///5:850];1000
5743452121;fr;900.00;536590;[0:900///5:850];1000
5745353694;fr;900.00;536590;[0:900///5:850];1000
57501998;fr;900.00;536590;[0:900///5:850];1000
5758433594;fr;900.00;536590;[0:900///5:850];1000
5774571750;fr;900.00;536590;[0:900///5:850];1000
5774639622;fr;900.00;536590;[0:900///5:850];1000
5776382408;fr;900.00;536590;[0:900///5:850];1000
5779226822;fr;900.00;536590;[0:900///5:850];1000
5793977473;fr;900.00;536590;[0:900///5:850];1000
5800423512;fr;900.00;536590;[0:900///5:850];1000
5810630561;fr;900.00;536590;[0:900///5:850];1000
5815868973;fr;900.00;536590;[0:900///5:850];1000
5817952823;fr;900.00;536590;[0:900///5:850];1000
5841517392;fr;900.00;536590;[0:900///5:850];1000
5847323409;fr;900.00;536590;[0:900///5:850];1000
5867948196;fr;900.00;536590;[0:900///5:850];1000
5872657625;fr;900.00;536590;[0:900///5:850];1000
5877023144;fr;900.00;536590;[0:900///5:850];1000
5881865375;fr;900.00;536590;[0:900///5:850];1000
5884817940;fr;900.00;536590;[0:900///5:850];1000
5912605450;fr;900.00;536590;[0:900///5:850];1000
5916037694;fr;900.00;536590;[0:900///5:850];1000
5916712731;fr;900.00;536590;[0:900///5:850];1000
5918519416;fr;900.00;536590;[0:900///5:850];1000
5921737100;fr;900.00;536590;[0:900///5:850];1000
5937835735;fr;900.00;536590;[0:900///5:850];1000
5940525814;fr;900.00;536590;[0:900///5:850];1000
594604273;fr;900.00;536590;[0:900///5:850];1000
5961992810;fr;900.00;536590;[0:900///5:850];1000
5976208622;fr;900.00;536590;[0:900///5:850];1000
5987843308;fr;900.00;536590;[0:900///5:850];1000
5996109956;fr;900.00;536590;[0:900///5:850];1000
5998190602;fr;900.00;536590;[0:900///5:850];1000
6002873619;fr;900.00;536590;[0:900///5:850];1000
6011210910;fr;900.00;536590;[0:900///5:850];1000
6018027283;fr;900.00;536590;[0:900///5:850];1000
6018028816;fr;900.00;536590;[0:900///5:850];1000
6020664120;fr;900.00;536590;[0:900///5:850];1000
6023442579;fr;900.00;536590;[0:900///5:850];1000
6050339554;fr;900.00;536590;[0:900///5:850];1000
606175156;fr;900.00;536590;[0:900///5:850];1000
6095232112;fr;900.00;536590;[0:900///5:850];1000
6100364735;fr;900.00;536590;[0:900///5:850];1000
6109509868;fr;900.00;536590;[0:900///5:850];1000
6110466425;fr;900.00;536590;[0:900///5:850];1000
6111840096;fr;900.00;536590;[0:900///5:850];1000
6121725079;fr;900.00;536590;[0:900///5:850];1000
6128385710;fr;900.00;536590;[0:900///5:850];1000
6131821895;fr;900.00;536590;[0:900///5:850];1000
6132786007;fr;900.00;536590;[0:900///5:850];1000
6142200331;fr;900.00;536590;[0:900///5:850];1000
614742218;fr;900.00;536590;[0:900///5:850];1000
6149d4e09a7f2;fr;900.00;536590;[0:900///5:850];1000
614c8fb16956a;fr;900.00;536590;[0:900///5:850];1000
6165218768;fr;900.00;536590;[0:900///5:850];1000
6168616705;fr;900.00;536590;[0:900///5:850];1000
6171609374;fr;900.00;536590;[0:900///5:850];1000
6205818094;fr;900.00;536590;[0:900///5:850];1000
6215516554;fr;900.00;536590;[0:900///5:850];1000
6228522361;fr;900.00;536590;[0:900///5:850];1000
6228694251;fr;900.00;536590;[0:900///5:850];1000
6232535553;fr;900.00;536590;[0:900///5:850];1000
6237418156;fr;900.00;536590;[0:900///5:850];1000
6263952121;fr;900.00;536590;[0:900///5:850];1000
6267530086;fr;900.00;536590;[0:900///5:850];1000
6273418969;fr;900.00;536590;[0:900///5:850];1000
6276495379;fr;900.00;536590;[0:900///5:850];1000
6276824879;fr;900.00;536590;[0:900///5:850];1000
627983286;fr;900.00;536590;[0:900///5:850];1000
6305086273;fr;900.00;536590;[0:900///5:850];1000
6307413530;fr;900.00;536590;[0:900///5:850];1000
6312209725;fr;900.00;536590;[0:900///5:850];1000
6321540846;fr;900.00;536590;[0:900///5:850];1000
632191503;fr;900.00;536590;[0:900///5:850];1000
6324911977;fr;900.00;536590;[0:900///5:850];1000
6327203019;fr;900.00;536590;[0:900///5:850];1000
6330263957;fr;900.00;536590;[0:900///5:850];1000
6337854128;fr;900.00;536590;[0:900///5:850];1000
6338369312;fr;900.00;536590;[0:900///5:850];1000
6345197211;fr;900.00;536590;[0:900///5:850];1000
6358046586;fr;900.00;536590;[0:900///5:850];1000
6368053208;fr;900.00;536590;[0:900///5:850];1000
6381813008;fr;900.00;536590;[0:900///5:850];1000
6383979140;fr;900.00;536590;[0:900///5:850];1000
638541433;fr;900.00;536590;[0:900///5:850];1000
6392344551;fr;900.00;536590;[0:900///5:850];1000
6393006528;fr;900.00;536590;[0:900///5:850];1000
6394279889;fr;900.00;536590;[0:900///5:850];1000
6404370425;fr;900.00;536590;[0:900///5:850];1000
6411952299;fr;900.00;536590;[0:900///5:850];1000
6427758705;fr;900.00;536590;[0:900///5:850];1000
6452799347;fr;900.00;536590;[0:900///5:850];1000
6490194031;fr;900.00;536590;[0:900///5:850];1000
6500735919;fr;900.00;536590;[0:900///5:850];1000
6514363636;fr;900.00;536590;[0:900///5:850];1000
6527688075;fr;900.00;536590;[0:900///5:850];1000
6528715505;fr;900.00;536590;[0:900///5:850];1000
6536217225;fr;900.00;536590;[0:900///5:850];1000
6549776325;fr;900.00;536590;[0:900///5:850];1000
6550294606;fr;900.00;536590;[0:900///5:850];1000
6555601272;fr;900.00;536590;[0:900///5:850];1000
657528080;fr;900.00;536590;[0:900///5:850];1000
659737507;fr;900.00;536590;[0:900///5:850];1000
6604496201;fr;900.00;536590;[0:900///5:850];1000
6609044961;fr;900.00;536590;[0:900///5:850];1000
6610517266;fr;900.00;536590;[0:900///5:850];1000
6630900286;fr;900.00;536590;[0:900///5:850];1000
6636740973;fr;900.00;536590;[0:900///5:850];1000
6644630065;fr;900.00;536590;[0:900///5:850];1000
6651474375;fr;900.00;536590;[0:900///5:850];1000
6653901785;fr;900.00;536590;[0:900///5:850];1000
6662123668;fr;900.00;536590;[0:900///5:850];1000
6669241348;fr;900.00;536590;[0:900///5:850];1000
6686546240;fr;900.00;536590;[0:900///5:850];1000
6691240235;fr;900.00;536590;[0:900///5:850];1000
6710661180;fr;900.00;536590;[0:900///5:850];1000
6717779039;fr;900.00;536590;[0:900///5:850];1000
6731244430;fr;900.00;536590;[0:900///5:850];1000
6745957388;fr;900.00;536590;[0:900///5:850];1000
6755990167;fr;900.00;536590;[0:900///5:850];1000
6773058465;fr;900.00;536590;[0:900///5:850];1000
6785193966;fr;900.00;536590;[0:900///5:850];1000
6807309554;fr;900.00;536590;[0:900///5:850];1000
6811057807;fr;900.00;536590;[0:900///5:850];1000
6814407698;fr;900.00;536590;[0:900///5:850];1000
6814483106;fr;900.00;536590;[0:900///5:850];1000
6832256124;fr;900.00;536590;[0:900///5:850];1000
6842512980;fr;900.00;536590;[0:900///5:850];1000
6853392752;fr;900.00;536590;[0:900///5:850];1000
6874088351;fr;900.00;536590;[0:900///5:850];1000
687579929;fr;900.00;536590;[0:900///5:850];1000
6878107504;fr;900.00;536590;[0:900///5:850];1000
6880135366;fr;900.00;536590;[0:900///5:850];1000
6885018910;fr;900.00;536590;[0:900///5:850];1000
6890201205;fr;900.00;536590;[0:900///5:850];1000
6906968211;fr;900.00;536590;[0:900///5:850];1000
6920991845;fr;900.00;536590;[0:900///5:850];1000
6921695891;fr;900.00;536590;[0:900///5:850];1000
6922268636;fr;900.00;536590;[0:900///5:850];1000
6936699391;fr;900.00;536590;[0:900///5:850];1000
6950508441;fr;900.00;536590;[0:900///5:850];1000
6953409606;fr;900.00;536590;[0:900///5:850];1000
6960822637;fr;900.00;536590;[0:900///5:850];1000
6963141479;fr;900.00;536590;[0:900///5:850];1000
6981377926;fr;900.00;536590;[0:900///5:850];1000
7005441222;fr;900.00;536590;[0:900///5:850];1000
7007664822;fr;900.00;536590;[0:900///5:850];1000
7025416320;fr;900.00;536590;[0:900///5:850];1000
7031071356;fr;900.00;536590;[0:900///5:850];1000
7059223975;fr;900.00;536590;[0:900///5:850];1000
7068061516;fr;900.00;536590;[0:900///5:850];1000
707466369;fr;900.00;536590;[0:900///5:850];1000
7075480936;fr;900.00;536590;[0:900///5:850];1000
7083205132;fr;900.00;536590;[0:900///5:850];1000
7086284181;fr;900.00;536590;[0:900///5:850];1000
7091159578;fr;900.00;536590;[0:900///5:850];1000
7100566258;fr;900.00;536590;[0:900///5:850];1000
7107266489;fr;900.00;536590;[0:900///5:850];1000
7112607469;fr;900.00;536590;[0:900///5:850];1000
7114121105;fr;900.00;536590;[0:900///5:850];1000
7124816629;fr;900.00;536590;[0:900///5:850];1000
7130618655;fr;900.00;536590;[0:900///5:850];1000
7140441073;fr;900.00;536590;[0:900///5:850];1000
7150729592;fr;900.00;536590;[0:900///5:850];1000
7154112174;fr;900.00;536590;[0:900///5:850];1000
7157829258;fr;900.00;536590;[0:900///5:850];1000
7159389646;fr;900.00;536590;[0:900///5:850];1000
7160975197;fr;900.00;536590;[0:900///5:850];1000
7166369507;fr;900.00;536590;[0:900///5:850];1000
7169559315;fr;900.00;536590;[0:900///5:850];1000
7176077916;fr;900.00;536590;[0:900///5:850];1000
7181290991;fr;900.00;536590;[0:900///5:850];1000
7186777651;fr;900.00;536590;[0:900///5:850];1000
7191931329;fr;900.00;536590;[0:900///5:850];1000
7205930634;fr;900.00;536590;[0:900///5:850];1000
7212884170;fr;900.00;536590;[0:900///5:850];1000
7227761223;fr;900.00;536590;[0:900///5:850];1000
7242763312;fr;900.00;536590;[0:900///5:850];1000
7253463579;fr;900.00;536590;[0:900///5:850];1000
7268413246;fr;900.00;536590;[0:900///5:850];1000
7314766134;fr;900.00;536590;[0:900///5:850];1000
7315169210;fr;900.00;536590;[0:900///5:850];1000
7315892559;fr;900.00;536590;[0:900///5:850];1000
7324259359;fr;900.00;536590;[0:900///5:850];1000
7331115804;fr;900.00;536590;[0:900///5:850];1000
7335638828;fr;900.00;536590;[0:900///5:850];1000
7339108807;fr;900.00;536590;[0:900///5:850];1000
7352774564;fr;900.00;536590;[0:900///5:850];1000
7374960980;fr;900.00;536590;[0:900///5:850];1000
7377225297;fr;900.00;536590;[0:900///5:850];1000
738135062;fr;900.00;536590;[0:900///5:850];1000
7394957454;fr;900.00;536590;[0:900///5:850];1000
7394971651;fr;900.00;536590;[0:900///5:850];1000
7401063298;fr;900.00;536590;[0:900///5:850];1000
7407887233;fr;900.00;536590;[0:900///5:850];1000
7410018216;fr;900.00;536590;[0:900///5:850];1000
7414028747;fr;900.00;536590;[0:900///5:850];1000
7441115477;fr;900.00;536590;[0:900///5:850];1000
7451845427;fr;900.00;536590;[0:900///5:850];1000
7462521547;fr;900.00;536590;[0:900///5:850];1000
7473103261;fr;900.00;536590;[0:900///5:850];1000
7495727241;fr;900.00;536590;[0:900///5:850];1000
7511063799;fr;900.00;536590;[0:900///5:850];1000
7513523614;fr;900.00;536590;[0:900///5:850];1000
7526296778;fr;900.00;536590;[0:900///5:850];1000
7529878778;fr;900.00;536590;[0:900///5:850];1000
7566821431;fr;900.00;536590;[0:900///5:850];1000
7591792229;fr;900.00;536590;[0:900///5:850];1000
759199256;fr;900.00;536590;[0:900///5:850];1000
7599517103;fr;900.00;536590;[0:900///5:850];1000
7615248434;fr;900.00;536590;[0:900///5:850];1000
7627351642;fr;900.00;536590;[0:900///5:850];1000
7630936915;fr;900.00;536590;[0:900///5:850];1000
7633961295;fr;900.00;536590;[0:900///5:850];1000
764015087;fr;900.00;536590;[0:900///5:850];1000
7646712124;fr;900.00;536590;[0:900///5:850];1000
7651364007;fr;900.00;536590;[0:900///5:850];1000
7659527754;fr;900.00;536590;[0:900///5:850];1000
766967581;fr;900.00;536590;[0:900///5:850];1000
7670973013;fr;900.00;536590;[0:900///5:850];1000
7671455113;fr;900.00;536590;[0:900///5:850];1000
7696333755;fr;900.00;536590;[0:900///5:850];1000
7710876382;fr;900.00;536590;[0:900///5:850];1000
7713754547;fr;900.00;536590;[0:900///5:850];1000
7717153548;fr;900.00;536590;[0:900///5:850];1000
7723107331;fr;900.00;536590;[0:900///5:850];1000
7725701079;fr;900.00;536590;[0:900///5:850];1000
7727253138;fr;900.00;536590;[0:900///5:850];1000
7768700147;fr;900.00;536590;[0:900///5:850];1000
7793873408;fr;900.00;536590;[0:900///5:850];1000
7810746197;fr;900.00;536590;[0:900///5:850];1000
7822157159;fr;900.00;536590;[0:900///5:850];1000
7840682111;fr;900.00;536590;[0:900///5:850];1000
7845575208;fr;900.00;536590;[0:900///5:850];1000
785014799;fr;900.00;536590;[0:900///5:850];1000
785374922;fr;900.00;536590;[0:900///5:850];1000
7857179914;fr;900.00;536590;[0:900///5:850];1000
7872762137;fr;900.00;536590;[0:900///5:850];1000
7878382557;fr;900.00;536590;[0:900///5:850];1000
7889308787;fr;900.00;536590;[0:900///5:850];1000
7900826254;fr;900.00;536590;[0:900///5:850];1000
7913362723;fr;900.00;536590;[0:900///5:850];1000
7915201107;fr;900.00;536590;[0:900///5:850];1000
7916395509;fr;900.00;536590;[0:900///5:850];1000
7936114467;fr;900.00;536590;[0:900///5:850];1000
7942938905;fr;900.00;536590;[0:900///5:850];1000
7947753083;fr;900.00;536590;[0:900///5:850];1000
7948365362;fr;900.00;536590;[0:900///5:850];1000
7958985347;fr;900.00;536590;[0:900///5:850];1000
7961672680;fr;900.00;536590;[0:900///5:850];1000
7971384726;fr;900.00;536590;[0:900///5:850];1000
7992459792;fr;900.00;536590;[0:900///5:850];1000
800019709;fr;900.00;536590;[0:900///5:850];1000
8003491916;fr;900.00;536590;[0:900///5:850];1000
8012299585;fr;900.00;536590;[0:900///5:850];1000
8018447233;fr;900.00;536590;[0:900///5:850];1000
8036383330;fr;900.00;536590;[0:900///5:850];1000
8046578614;fr;900.00;536590;[0:900///5:850];1000
8047239988;fr;900.00;536590;[0:900///5:850];1000
8049034453;fr;900.00;536590;[0:900///5:850];1000
8053506690;fr;900.00;536590;[0:900///5:850];1000
8053727468;fr;900.00;536590;[0:900///5:850];1000
8060753444;fr;900.00;536590;[0:900///5:850];1000
8068584595;fr;900.00;536590;[0:900///5:850];1000
8068600027;fr;900.00;536590;[0:900///5:850];1000
8074832805;fr;900.00;536590;[0:900///5:850];1000
8092397201;fr;900.00;536590;[0:900///5:850];1000
8095814423;fr;900.00;536590;[0:900///5:850];1000
8101249168;fr;900.00;536590;[0:900///5:850];1000
8107725239;fr;900.00;536590;[0:900///5:850];1000
8115452718;fr;900.00;536590;[0:900///5:850];1000
8122449123;fr;900.00;536590;[0:900///5:850];1000
8149423338;fr;900.00;536590;[0:900///5:850];1000
8184620071;fr;900.00;536590;[0:900///5:850];1000
8189073710;fr;900.00;536590;[0:900///5:850];1000
8210916483;fr;900.00;536590;[0:900///5:850];1000
8220970898;fr;900.00;536590;[0:900///5:850];1000
8223290456;fr;900.00;536590;[0:900///5:850];1000
8237827465;fr;900.00;536590;[0:900///5:850];1000
8245602574;fr;900.00;536590;[0:900///5:850];1000
8245941549;fr;900.00;536590;[0:900///5:850];1000
8252273157;fr;900.00;536590;[0:900///5:850];1000
8266948674;fr;900.00;536590;[0:900///5:850];1000
8294308455;fr;900.00;536590;[0:900///5:850];1000
8297515036;fr;900.00;536590;[0:900///5:850];1000
8299494354;fr;900.00;536590;[0:900///5:850];1000
8301007532;fr;900.00;536590;[0:900///5:850];1000
8303633805;fr;900.00;536590;[0:900///5:850];1000
8303850709;fr;900.00;536590;[0:900///5:850];1000
8304158264;fr;900.00;536590;[0:900///5:850];1000
8306609115;fr;900.00;536590;[0:900///5:850];1000
8315820680;fr;900.00;536590;[0:900///5:850];1000
8316454173;fr;900.00;536590;[0:900///5:850];1000
832753351;fr;900.00;536590;[0:900///5:850];1000
8343505360;fr;900.00;536590;[0:900///5:850];1000
8349032057;fr;900.00;536590;[0:900///5:850];1000
8365863219;fr;900.00;536590;[0:900///5:850];1000
8380532651;fr;900.00;536590;[0:900///5:850];1000
8384556172;fr;900.00;536590;[0:900///5:850];1000
8385639454;fr;900.00;536590;[0:900///5:850];1000
8418853158;fr;900.00;536590;[0:900///5:850];1000
8429003010;fr;900.00;536590;[0:900///5:850];1000
8431751657;fr;900.00;536590;[0:900///5:850];1000
8435461025;fr;900.00;536590;[0:900///5:850];1000
8435520196;fr;900.00;536590;[0:900///5:850];1000
8438645836;fr;900.00;536590;[0:900///5:850];1000
8442064591;fr;900.00;536590;[0:900///5:850];1000
8452228643;fr;900.00;536590;[0:900///5:850];1000
845385658;fr;900.00;536590;[0:900///5:850];1000
8458300699;fr;900.00;536590;[0:900///5:850];1000
8467890770;fr;900.00;536590;[0:900///5:850];1000
8479184159;fr;900.00;536590;[0:900///5:850];1000
8479671386;fr;900.00;536590;[0:900///5:850];1000
8495364298;fr;900.00;536590;[0:900///5:850];1000
8505162978;fr;900.00;536590;[0:900///5:850];1000
8520526454;fr;900.00;536590;[0:900///5:850];1000
8530909879;fr;900.00;536590;[0:900///5:850];1000
8560482679;fr;900.00;536590;[0:900///5:850];1000
8600589037;fr;900.00;536590;[0:900///5:850];1000
8606298220;fr;900.00;536590;[0:900///5:850];1000
8611181158;fr;900.00;536590;[0:900///5:850];1000
8614297068;fr;900.00;536590;[0:900///5:850];1000
8616890181;fr;900.00;536590;[0:900///5:850];1000
8620205765;fr;900.00;536590;[0:900///5:850];1000
8633133911;fr;900.00;536590;[0:900///5:850];1000
8633591332;fr;900.00;536590;[0:900///5:850];1000
8644815962;fr;900.00;536590;[0:900///5:850];1000
8645105640;fr;900.00;536590;[0:900///5:850];1000
8647684656;fr;900.00;536590;[0:900///5:850];1000
8651465203;fr;900.00;536590;[0:900///5:850];1000
8657898934;fr;900.00;536590;[0:900///5:850];1000
8659127609;fr;900.00;536590;[0:900///5:850];1000
8660551613;fr;900.00;536590;[0:900///5:850];1000
8680801666;fr;900.00;536590;[0:900///5:850];1000
8681402021;fr;900.00;536590;[0:900///5:850];1000
868629707;fr;900.00;536590;[0:900///5:850];1000
8686545777;fr;900.00;536590;[0:900///5:850];1000
8692655392;fr;900.00;536590;[0:900///5:850];1000
8716626079;fr;900.00;536590;[0:900///5:850];1000
8722475591;fr;900.00;536590;[0:900///5:850];1000
8729501547;fr;900.00;536590;[0:900///5:850];1000
8735779071;fr;900.00;536590;[0:900///5:850];1000
8746914382;fr;900.00;536590;[0:900///5:850];1000
8750449370;fr;900.00;536590;[0:900///5:850];1000
8757956960;fr;900.00;536590;[0:900///5:850];1000
87730634;fr;900.00;536590;[0:900///5:850];1000
8775539403;fr;900.00;536590;[0:900///5:850];1000
8780187854;fr;900.00;536590;[0:900///5:850];1000
8783267603;fr;900.00;536590;[0:900///5:850];1000
8797197106;fr;900.00;536590;[0:900///5:850];1000
8811774446;fr;900.00;536590;[0:900///5:850];1000
885188977;fr;900.00;536590;[0:900///5:850];1000
885530616;fr;900.00;536590;[0:900///5:850];1000
8879511726;fr;900.00;536590;[0:900///5:850];1000
8889566132;fr;900.00;536590;[0:900///5:850];1000
8896123860;fr;900.00;536590;[0:900///5:850];1000
8901496143;fr;900.00;536590;[0:900///5:850];1000
8904295645;fr;900.00;536590;[0:900///5:850];1000
8907615675;fr;900.00;536590;[0:900///5:850];1000
8914991148;fr;900.00;536590;[0:900///5:850];1000
8957046801;fr;900.00;536590;[0:900///5:850];1000
8959002410;fr;900.00;536590;[0:900///5:850];1000
8965064473;fr;900.00;536590;[0:900///5:850];1000
9000226147;fr;900.00;536590;[0:900///5:850];1000
9014275080;fr;900.00;536590;[0:900///5:850];1000
9015038546;fr;900.00;536590;[0:900///5:850];1000
9025662307;fr;900.00;536590;[0:900///5:850];1000
9027792372;fr;900.00;536590;[0:900///5:850];1000
9043851027;fr;900.00;536590;[0:900///5:850];1000
9050735878;fr;900.00;536590;[0:900///5:850];1000
905359909;fr;900.00;536590;[0:900///5:850];1000
9067416622;fr;900.00;536590;[0:900///5:850];1000
9077321284;fr;900.00;536590;[0:900///5:850];1000
9086136141;fr;900.00;536590;[0:900///5:850];1000
9092280852;fr;900.00;536590;[0:900///5:850];1000
9095666697;fr;900.00;536590;[0:900///5:850];1000
9103419053;fr;900.00;536590;[0:900///5:850];1000
9119732422;fr;900.00;536590;[0:900///5:850];1000
9133442355;fr;900.00;536590;[0:900///5:850];1000
9152907872;fr;900.00;536590;[0:900///5:850];1000
9161170682;fr;900.00;536590;[0:900///5:850];1000
9170816816;fr;900.00;536590;[0:900///5:850];1000
9172576162;fr;900.00;536590;[0:900///5:850];1000
9220691213;fr;900.00;536590;[0:900///5:850];1000
9221018296;fr;900.00;536590;[0:900///5:850];1000
9243487493;fr;900.00;536590;[0:900///5:850];1000
9245886859;fr;900.00;536590;[0:900///5:850];1000
9250750609;fr;900.00;536590;[0:900///5:850];1000
9269012409;fr;900.00;536590;[0:900///5:850];1000
9272191912;fr;900.00;536590;[0:900///5:850];1000
9278609005;fr;900.00;536590;[0:900///5:850];1000
9282171736;fr;900.00;536590;[0:900///5:850];1000
9285687598;fr;900.00;536590;[0:900///5:850];1000
9292498509;fr;900.00;536590;[0:900///5:850];1000
930457250;fr;900.00;536590;[0:900///5:850];1000
9306218338;fr;900.00;536590;[0:900///5:850];1000
9315737253;fr;900.00;536590;[0:900///5:850];1000
9331543522;fr;900.00;536590;[0:900///5:850];1000
9332210667;fr;900.00;536590;[0:900///5:850];1000
9335574015;fr;900.00;536590;[0:900///5:850];1000
9339146786;fr;900.00;536590;[0:900///5:850];1000
9356936307;fr;900.00;536590;[0:900///5:850];1000
9363737969;fr;900.00;536590;[0:900///5:850];1000
9368880204;fr;900.00;536590;[0:900///5:850];1000
9377870690;fr;900.00;536590;[0:900///5:850];1000
9384521663;fr;900.00;536590;[0:900///5:850];1000
939134527;fr;900.00;536590;[0:900///5:850];1000
9395333626;fr;900.00;536590;[0:900///5:850];1000
9400930968;fr;900.00;536590;[0:900///5:850];1000
94137544;fr;900.00;536590;[0:900///5:850];1000
941904806;fr;900.00;536590;[0:900///5:850];1000
9429954164;fr;900.00;536590;[0:900///5:850];1000
9434012406;fr;900.00;536590;[0:900///5:850];1000
9434331099;fr;900.00;536590;[0:900///5:850];1000
943571170;fr;900.00;536590;[0:900///5:850];1000
9437026904;fr;900.00;536590;[0:900///5:850];1000
9456242269;fr;900.00;536590;[0:900///5:850];1000
9478738410;fr;900.00;536590;[0:900///5:850];1000
9479881608;fr;900.00;536590;[0:900///5:850];1000
9481297721;fr;900.00;536590;[0:900///5:850];1000
9491903241;fr;900.00;536590;[0:900///5:850];1000
9505990979;fr;900.00;536590;[0:900///5:850];1000
9521656220;fr;900.00;536590;[0:900///5:850];1000
9523128973;fr;900.00;536590;[0:900///5:850];1000
9524238403;fr;900.00;536590;[0:900///5:850];1000
9528763405;fr;900.00;536590;[0:900///5:850];1000
9576445620;fr;900.00;536590;[0:900///5:850];1000
9600686378;fr;900.00;536590;[0:900///5:850];1000
960113460;fr;900.00;536590;[0:900///5:850];1000
9615089532;fr;900.00;536590;[0:900///5:850];1000
9633052777;fr;900.00;536590;[0:900///5:850];1000
9645837340;fr;900.00;536590;[0:900///5:850];1000
9645932114;fr;900.00;536590;[0:900///5:850];1000
9652371572;fr;900.00;536590;[0:900///5:850];1000
9655493458;fr;900.00;536590;[0:900///5:850];1000
9664109630;fr;900.00;536590;[0:900///5:850];1000
9665801961;fr;900.00;536590;[0:900///5:850];1000
9675014288;fr;900.00;536590;[0:900///5:850];1000
9678864371;fr;900.00;536590;[0:900///5:850];1000
9682765560;fr;900.00;536590;[0:900///5:850];1000
9683931952;fr;900.00;536590;[0:900///5:850];1000
9700618625;fr;900.00;536590;[0:900///5:850];1000
9701550447;fr;900.00;536590;[0:900///5:850];1000
9705810931;fr;900.00;536590;[0:900///5:850];1000
9723270374;fr;900.00;536590;[0:900///5:850];1000
972815570;fr;900.00;536590;[0:900///5:850];1000
9729638438;fr;900.00;536590;[0:900///5:850];1000
9730421153;fr;900.00;536590;[0:900///5:850];1000
9748962644;fr;900.00;536590;[0:900///5:850];1000
9755956247;fr;900.00;536590;[0:900///5:850];1000
9761286401;fr;900.00;536590;[0:900///5:850];1000
9763112303;fr;900.00;536590;[0:900///5:850];1000
9767008039;fr;900.00;536590;[0:900///5:850];1000
9783817191;fr;900.00;536590;[0:900///5:850];1000
9812809627;fr;900.00;536590;[0:900///5:850];1000
9825712848;fr;900.00;536590;[0:900///5:850];1000
9828661632;fr;900.00;536590;[0:900///5:850];1000
9830130517;fr;900.00;536590;[0:900///5:850];1000
9836604235;fr;900.00;536590;[0:900///5:850];1000
983809321;fr;900.00;536590;[0:900///5:850];1000
9840655760;fr;900.00;536590;[0:900///5:850];1000
9841490633;fr;900.00;536590;[0:900///5:850];1000
9855465881;fr;900.00;536590;[0:900///5:850];1000
9857106536;fr;900.00;536590;[0:900///5:850];1000
9867389506;fr;900.00;536590;[0:900///5:850];1000
9874660422;fr;900.00;536590;[0:900///5:850];1000
9889803046;fr;900.00;536590;[0:900///5:850];1000
9915286651;fr;900.00;536590;[0:900///5:850];1000
9925285992;fr;900.00;536590;[0:900///5:850];1000
9934717492;fr;900.00;536590;[0:900///5:850];1000
9941770514;fr;900.00;536590;[0:900///5:850];1000
9943086173;fr;900.00;536590;[0:900///5:850];1000
9948515889;fr;900.00;536590;[0:900///5:850];1000
9953437432;fr;900.00;536590;[0:900///5:850];1000
9964477279;fr;900.00;536590;[0:900///5:850];1000
9971511185;fr;900.00;536590;[0:900///5:850];1000
9992802472;fr;900.00;536590;[0:900///5:850];1000
9998083125;fr;900.00;536590;[0:900///5:850];1000
9999252672;fr;900.00;536590;[0:900///5:850];1000
1032999004;fr;900.00;536590;[0:900///5:850];1000
1010874500;fr;900.00;536590;[0:900///5:850];1000
1047370999;fr;900.00;536590;[0:900///5:850];1000
104831677;fr;900.00;536590;[0:900///5:850];1000
1051146631;fr;900.00;536590;[0:900///5:850];1000
1055804005;fr;900.00;536590;[0:900///5:850];1000
1058315900;fr;900.00;536590;[0:900///5:850];1000
1063403731;fr;900.00;536590;[0:900///5:850];1000
1103767429;fr;900.00;536590;[0:900///5:850];1000
1119537746;fr;900.00;536590;[0:900///5:850];1000
1131674960;fr;900.00;536590;[0:900///5:850];1000
1133418961;fr;900.00;536590;[0:900///5:850];1000
1141243601;fr;900.00;536590;[0:900///5:850];1000
1144616492;fr;900.00;536590;[0:900///5:850];1000
1173468706;fr;900.00;536590;[0:900///5:850];1000
1184680744;fr;900.00;536590;[0:900///5:850];1000
1186780770;fr;900.00;536590;[0:900///5:850];1000
1189471736;fr;900.00;536590;[0:900///5:850];1000
1192649370;fr;900.00;536590;[0:900///5:850];1000
1200482204;fr;900.00;536590;[0:900///5:850];1000
1201569214;fr;900.00;536590;[0:900///5:850];1000
1208059793;fr;900.00;536590;[0:900///5:850];1000
1208184105;fr;900.00;536590;[0:900///5:850];1000
1213049784;fr;900.00;536590;[0:900///5:850];1000
1228802300;fr;900.00;536590;[0:900///5:850];1000
1241341060;fr;900.00;536590;[0:900///5:850];1000
1241444897;fr;900.00;536590;[0:900///5:850];1000
1254224394;fr;900.00;536590;[0:900///5:850];1000
1260503682;fr;900.00;536590;[0:900///5:850];1000
1266221646;fr;900.00;536590;[0:900///5:850];1000
1267487135;fr;900.00;536590;[0:900///5:850];1000
1277027994;fr;900.00;536590;[0:900///5:850];1000
1278480188;fr;900.00;536590;[0:900///5:850];1000
1287705324;fr;900.00;536590;[0:900///5:850];1000
1293334634;fr;900.00;536590;[0:900///5:850];1000
1294575201;fr;900.00;536590;[0:900///5:850];1000
1296145522;fr;900.00;536590;[0:900///5:850];1000
130599395;fr;900.00;536590;[0:900///5:850];1000
1311345132;fr;900.00;536590;[0:900///5:850];1000
1321706995;fr;900.00;536590;[0:900///5:850];1000
1322822476;fr;900.00;536590;[0:900///5:850];1000
1326055135;fr;900.00;536590;[0:900///5:850];1000
132781468;fr;900.00;536590;[0:900///5:850];1000
1349990906;fr;900.00;536590;[0:900///5:850];1000
1351109626;fr;900.00;536590;[0:900///5:850];1000
1359493573;fr;900.00;536590;[0:900///5:850];1000
1365040771;fr;900.00;536590;[0:900///5:850];1000
1384366083;fr;900.00;536590;[0:900///5:850];1000
1392834759;fr;900.00;536590;[0:900///5:850];1000
1398673730;fr;900.00;536590;[0:900///5:850];1000
1399311964;fr;900.00;536590;[0:900///5:850];1000
1409333825;fr;900.00;536590;[0:900///5:850];1000
1410627403;fr;900.00;536590;[0:900///5:850];1000
1424131219;fr;900.00;536590;[0:900///5:850];1000
1436905605;fr;900.00;536590;[0:900///5:850];1000
1442088222;fr;900.00;536590;[0:900///5:850];1000
1449368808;fr;900.00;536590;[0:900///5:850];1000
145894002;fr;900.00;536590;[0:900///5:850];1000
1460733096;fr;900.00;536590;[0:900///5:850];1000
1460749308;fr;900.00;536590;[0:900///5:850];1000
1468466887;fr;900.00;536590;[0:900///5:850];1000
1477557970;fr;900.00;536590;[0:900///5:850];1000
1484201779;fr;900.00;536590;[0:900///5:850];1000
150474261;fr;900.00;536590;[0:900///5:850];1000
1506169880;fr;900.00;536590;[0:900///5:850];1000
1520851502;fr;900.00;536590;[0:900///5:850];1000
1524119547;fr;900.00;536590;[0:900///5:850];1000
1531499252;fr;900.00;536590;[0:900///5:850];1000
1547270829;fr;900.00;536590;[0:900///5:850];1000
156216078;fr;900.00;536590;[0:900///5:850];1000
1569457271;fr;900.00;536590;[0:900///5:850];1000
1574297651;fr;900.00;536590;[0:900///5:850];1000
1585364711;fr;900.00;536590;[0:900///5:850];1000
1602596255;fr;900.00;536590;[0:900///5:850];1000
1642725498;fr;900.00;536590;[0:900///5:850];1000
1646076680;fr;900.00;536590;[0:900///5:850];1000
1656649519;fr;900.00;536590;[0:900///5:850];1000
1665357843;fr;900.00;536590;[0:900///5:850];1000
168681501;fr;900.00;536590;[0:900///5:850];1000
1690934263;fr;900.00;536590;[0:900///5:850];1000
169587002;fr;900.00;536590;[0:900///5:850];1000
1715451635;fr;900.00;536590;[0:900///5:850];1000
1726955834;fr;900.00;536590;[0:900///5:850];1000
1737234262;fr;900.00;536590;[0:900///5:850];1000
175008787;fr;900.00;536590;[0:900///5:850];1000
176808531;fr;900.00;536590;[0:900///5:850];1000
1781002886;fr;900.00;536590;[0:900///5:850];1000
1785072439;fr;900.00;536590;[0:900///5:850];1000
1810167558;fr;900.00;536590;[0:900///5:850];1000
1811065287;fr;900.00;536590;[0:900///5:850];1000
181196891;fr;900.00;536590;[0:900///5:850];1000
1820047148;fr;900.00;536590;[0:900///5:850];1000
1834643511;fr;900.00;536590;[0:900///5:850];1000
1835574114;fr;900.00;536590;[0:900///5:850];1000
1847050786;fr;900.00;536590;[0:900///5:850];1000
1855587084;fr;900.00;536590;[0:900///5:850];1000
1857250869;fr;900.00;536590;[0:900///5:850];1000
1868422151;fr;900.00;536590;[0:900///5:850];1000
1892089629;fr;900.00;536590;[0:900///5:850];1000
1899676775;fr;900.00;536590;[0:900///5:850];1000
1905699298;fr;900.00;536590;[0:900///5:850];1000
1909820415;fr;900.00;536590;[0:900///5:850];1000
191092061;fr;900.00;536590;[0:900///5:850];1000
1911454897;fr;900.00;536590;[0:900///5:850];1000
1917369611;fr;900.00;536590;[0:900///5:850];1000
1943669686;fr;900.00;536590;[0:900///5:850];1000
1944274847;fr;900.00;536590;[0:900///5:850];1000
1955599041;fr;900.00;536590;[0:900///5:850];1000
1961424371;fr;900.00;536590;[0:900///5:850];1000
1962352447;fr;900.00;536590;[0:900///5:850];1000
1966355866;fr;900.00;536590;[0:900///5:850];1000
1966900120;fr;900.00;536590;[0:900///5:850];1000
1969450460;fr;900.00;536590;[0:900///5:850];1000
1980038139;fr;900.00;536590;[0:900///5:850];1000
1989779352;fr;900.00;536590;[0:900///5:850];1000
2000362265;fr;900.00;536590;[0:900///5:850];1000
614c6c992e7f7;fr;900.00;536590;[0:900///5:850];1000
614d78f38dce7;fr;900.00;536590;[0:900///5:850];1000
